{
  "model_name": "xgboost",
  "accuracy": 0.953,
  "precision": 0.05263157894736842,
  "recall": 0.03333333333333333,
  "f1": 0.04081632653061224,
  "roc_auc": 0.4435051546391753,
  "evaluated_at": "2026-04-19T10:23:49.436516"
}