{
  "model_name": "random_forest",
  "accuracy": 0.968,
  "precision": 0.0,
  "recall": 0.0,
  "f1": 0.0,
  "roc_auc": 0.5895189003436425,
  "evaluated_at": "2026-04-19T10:23:48.665802"
}