{
  "model_name": "logistic_regression",
  "accuracy": 0.658,
  "precision": 0.06179775280898876,
  "recall": 0.7333333333333333,
  "f1": 0.11398963730569948,
  "roc_auc": 0.7534707903780069,
  "evaluated_at": "2026-04-19T10:23:41.024061"
}